{"Herbology": [-10.295662748653244, 10.296759343358662], "Defense Against the Dark Arts": [-10.16211940387396, 9.667405456412162], "Divination": [-8.727, 10.032], "Muggle Studies": [-1043.9615274537164, 1092.3886105728684], "Ancient Runes": [283.8696087336624, 745.3962198761234], "History of Magic": [-8.431116672589212, 11.889712754042709], "Transfiguration": [906.6273196915248, 1094.4606136146108], "Potions": [-3.62076162765629, 13.53676212499442], "Charms": [-261.04892, -225.42814], "Flying": [-181.47, 279.07], "Hufflepuff": [[-0.2290548531476814], [2.7173421042370123], [-3.613916269069441], [1.4686617218961713], [-1.8558734483776682], [-2.9889257130461377], [1.4022581594259624], [1.3469930025588075], [-0.940577266002271], [-0.40669007662197454], [-0.9734372210797095]], "Ravenclaw": [[-3.2278516964837602], [0.7336514985315524], [1.668295437044175], [-0.5179907290627888], [3.0830573272179587], [1.652354030612048], [-0.7197559922888945], [-0.849563719650084], [-1.0234616235379368], [2.9667024196998715], [-1.8926182156440134]], "Slytherin": [[0.08097746119798502], [-2.191063869094099], [2.243269402132137], [-3.231281005823337], [-0.8446608004406162], [-1.3599248395865893], [0.6417020669239857], [0.8252303329838855], [1.577306233036707], [-1.2586743839696428], [-1.3398040811703995]], "Gryffindor": [[0.45438641192516854], [-1.7009265688783528], [-1.0417409593694287], [0.9660236029992184], [-0.4738552503442487], [1.8525027576230082], [-2.193729460906238], [-2.3691614200604634], [-0.7003997066946753], [-1.2813218888924613], [2.521538252184185]]}